cid,cname,cp,img,info,study_c,les_c,price,mg
1209346809,Python爬虫+Excel/VBA办公自动化,乐学偶得,https://edu-image.nosdn.127.net/98ba84ca0aae4faa85a7e71a7afa0957.png?imageView&quality=100&crop=0_15_1884_1062,"中国加油！世界加油！全民战疫,独家附赠远程办公手机随处操控Window与Mac跨平台办公与自动办公结合等内容持续更新,2020全面升级0.独家微软官方力荐JSAPI自动办公混合开发实战1.系统化Python爬虫实战项目2.VBA零基础到系统进阶+Python+VBA+Windows原生接口混合开发3.Excel,PPT,Word,爬虫,自动邮件发送结合4.模块化思想,代码可灵活组合,构建适合自己的定制化项目干货多多,细致讲解,现场逐行讲解,零基础也可跟着视频操作1个课程包含同类5-10个课程知识点与项目一课巩固Python基础+进阶+各类实战、实用操作“法乎其上,得乎其中;法乎其中,得乎其下”——《论语》乐学偶得特聘国际专家团队教研，直接提升您的工作与学习效率，让您少走弯路内容前沿独家稀缺,不少职业VBA/Python讲师也在悄悄学习哦~嘘~\(^v^)/GO例:自动办公部分，从简单VBA+Python现成库相互调用开始,从零基础轻松入门,逐步深入到自动办公操作流程本质与精髓（如世界棘手的WinAPI,COM,OLE,对象模型）与混合开发(HybridDev)等独家教研前沿技术跟专业的人,学专业事,欢迎大家加入哦~",4020,575,159.0,1
1006129049,Python编程量化AI全栈零基础入门,乐学偶得,https://edu-image.nosdn.127.net/35b3a192f0054a9a87cd5c9d5bdad4d5.png?imageView&quality=100&crop=0_1_875_486,"本系列课程包括零基础入门+高阶提高+实战运用+拓展篇2000+系列连载课程,科学,系统,成熟六大黑科技挑战任务作业互动激励机制挑战解锁价值上千元深度系列课程内容由世界500强内训师&实战经验丰富专家执教配套交流群老师答疑与课堂笔记与习题1.零基础入门从最简单自带编辑器开始，淡化晦涩专业词汇，将基础分散成小例子，充分利用碎片时间学习2.全栈架构师前端,后端,服务器,数据库等全面介绍,用Python打通任督二脉,实战FlaskDjango等热门框架,上线商业网站3.FinTech与量化交易基础到实战:不仅包括A股美股常规的自动交易,选股,择时,风控,回测系统搭建,更有宏观经济判断,行业投研,公司财务报表分析,建模与估值等全流程分析.并加入机器学习,自然语言处理等前沿技术助力4.数据科学与机器学习从零开始介绍数据科学常用方法与机器学习,从原理层面理解“黑箱”。进阶部分实战深度学习与Tensorflow等框架5.选修AI视觉自动驾驶结合AI与计算机视觉,搭建自动驾驶系统6.Python高阶系统的算法数据结构强化训练,世界500强面试经典题目讲解7.有趣DIY爬虫操控ExcelWordPPT微信邮件提升工作效率生活品质",8897,1020,199.0,1
1004119028,邢不行—Python股票量化投资课程,邢不行python量化,https://edu-image.nosdn.127.net/64ac5acf-4726-4145-aaa1-8251196eccec.png?imageView&quality=100&crop=0_0_439_247,试看点击上方目录，查看课程试看部分，干货很多哦！好评查看课程真实评论，了解之前学生对课程的看法。课程特色：★无需编程基础小白从零上手★大量实战案例作为配套作业★配套社群、助教，全程答疑,808,39,1688.0,2
1005149010,邢不行—数字货币python量化投资,邢不行python量化,https://edu-image.nosdn.127.net/587357bc02064b2b9c23c29896e1cd32.png?imageView&quality=100&crop=0_0_879_495,优惠添加邢不行微信xbx2626，发送WY1，获取专属88元课程优惠券试看点击上方目录，查看课程试看部分，干货很多哦！好评查看课程真实评论，了解之前学生对课程的看法。课程特色：★十五节精心准备的视频课程★配套社群、助教，全程答疑★无需编程基础小白从零上手,923,22,2188.0,4
1209570828,Python零基础入门高薪必看动画课,大熊课堂,https://edu-image.nosdn.127.net/4d0cc2280d144fbd95bd7f67eb7c49cc.png?imageView&quality=100&crop=0_0_439_247,用动画学Python《Python零基础入门到高薪必看动画课》5大就业方向案例持续更新优化，包括更新大量练习和实例--课程概述（手把手教你学Python）--1.本套课程大约500-600节（1080P超清），包含Python基础知识、Python进阶知识、Python框架和5大Python项目（查看本套课程具体知识点，请点击目录选项卡）。2.持续更新大量练习题和实例3.本套课程永久有效，一次购买无二次收费4.课程中遇到问题，购课后，可加大熊PythonVIPQQ群：629543173，老师答疑。--课程特色--1、知识点超全，讲解细致2、精心设计动画，引用大量比喻帮助初学者理解编程专有名词3、中文字幕，学python和看电影一样爽4、碎片化知识，方便大家回顾查阅，温故而知新，吸收率更高，针对性更好5、视频精心剪辑，无废话，全脱水干货6、基础知识学+实例学+课后作业+5大项目：爬虫+excel+机器学习+Web网站+游戏+数据分析,2128,457,1889.0,1
1006358022,Python接口自动化测试实战,无涯课堂,https://edu-image.nosdn.127.net/87b8740f17cc415b9f10109ab55ed52c.jpg?imageView&quality=100&crop=0_0_710_400,”测试进阶必备技能！系统教学+实战分析，轻松掌握接口自动化测试！“本套课程的目标是从零基础开始，系统的讲解使用主流的开发语言Python来做接口自动化测试，里面涉及到了主流的测试工具（PostMan&JMeter），Pytest&Unittest测试框架，批量执行测试用例的服务端测试框架。本套课程知识点全网最全，知识点讲解深入浅出。课程一次购买，永久有效永久更新，学习次数不受限制，时间不受限制，学习有问题讲师随时解答。《Python自动化测试实战》书籍已出版，欢迎购买。本课程仅支持微信和支付宝支付，如果是单位或者机构，购买课程后，联系网易云客服，开具发票进行报销。添加微信(975362632)购买立减30元。购课后即可进专属VIP群，可随时向讲师即时咨询答疑。,1324,263,399.0,1
1004504016,Python全栈开发高薪特训班,知了传课,http://edu-image.nosdn.127.net/9510DD5D46D9FD564A8CC253E4114C06.png?imageView&thumbnail=120x67&quality=100,1.买本课前：先领50元优惠券+VIP学员讨论群+1对1解答服务.+下单前.下单前.先加小西qq1492168568，或微信：zlkt666领取20优惠及了解详情！2.在人工智能大行其道的时代，许多开发者对Python这门编程语言都比较熟悉。但是如何用它实现一个企业级别的项目，可能许多同学还存在一些困难。本职业规划路线是专门针对想要从事Pythonweb开发的同学而准备的，并且是严格按照企业需求的标准定制的学习路线。路线中包含Python基础和进阶、前端、MySQL数据库、Flask和Django框架以及多个企业真实项目。在学习完本路径中所有的课程后，从前端页面的实现，到后台代码的编写，再到数据库的管理，一人可以搞定一个公司网站的所有事情，真正实现全栈开发，让你升职加薪不是梦！报名须知1、本课程为Pythonweb开发VIP高级课程。一次报名，永久有效永久更新。学习不限次数，不限时间。可根据自身情况进行安排学习进度；2、课程包含老师的一对一答疑服务；3、对于课程优惠问题以及进一步了解课程可添加小西老师咨询。QQ：1492168568；,393,946,1998.0,2
1004507006,Python Flask框架——全栈开发,知了传课,https://edu-image.nosdn.127.net/258f4c8ff06943e9bdc4fc099befb21b.JPG?imageView&quality=100&crop=0_0_879_495,1.购买前必看：先加小西qq1492168568领取优惠20！领20元优惠券+VIP学员讨论群+1对1解答服务.+下单前.下单前先加小西qq1492168568领取优惠！！2.本套课程的目标是从零基础开始，使用Flask框架开发企业级的项目。课程中不仅包含了Flask框架本身的知识点，更是站在全栈的角度讲解了如何结合Flask使用ajax完成异步调度，使用redis实现大型网站的缓存优化，使用celery实现邮件的异步发送等。更是紧随时代的脚步加入了企业中必用的第三方服务如短信平台阿里大于，资源管理平台七牛云等。本套课程的项目实战不仅实现了一个前台的论坛，更有强大的CMS管理系统，让你学后立马可以编写公司网站项目！更多介绍请观看介绍视频！报名须知1、本课程为FlaskVIP高级课程。一次报名，永久有效永久更新。学习不限次数，不限时间。可根据自身情况进行安排学习进度；2、对于课程优惠问题以及进一步了解课程可添加小西老师咨询。QQ：1492168568；微信：zhiliaoketang008课后服务购买课程的童鞋凭订单号加VIP群：809448927,879,201,699.0,2
1003729016,Python零基础上手Scrapy分布爬虫,小布课堂,https://edu-image.nosdn.127.net/43f03ea41b7f493fb8b1e53f49e276a7.png?imageView&quality=100&crop=0_0_848_382,说明长期更新和维护课程内容，有任何问题随时沟通，请放心购买质量过硬的S级课程，最好的答疑服务，更全面的课程内容，性价比极高课程内容：基础内容教学、脚本爬虫和网站分析能力、Scrapy框架部分、高级爬虫进阶课程优势：一对一专业答疑，远程调配环境，爬虫思路指导教学方式：永久观看视频+365超长答疑+活跃VIP群,1121,292,388.0,2
1209509824,Python数字货币量化交易进阶课程,51bitquant数字货币量化交易,https://edu-image.nosdn.127.net/b0ef44a7053340d488498b3a4f3eb78d.png?imageView&quality=100&crop=0_0_439_247,本课程是Python数字货币量化交易进阶课程，课程内容涵盖Python面向对象基础、python多线程、网络编程、Pandas库数据处理等基础知识。课程着重讲解网络编程部分、如何请求交易所签名接口，如何对接交易所的Websocket接口并实时获取交易所高频数据，以及如何处理Orderbook等数据。课程还包括Tradingview技术指标开发、量化策略开发、策略回测、实盘交易、Linux服务器使用、服务器部署等，以及数字货币的交易规则、杠杆交易和期货的交易规则等内容讲解。课程着力打造一个从入门到实盘交易完整的Pytho数字货币量化的学习体系，当然其他股票、期货的量化大体上跟数字货币量化交易是一样的，也可以学习该课程。本课程都是手把手代码教学视频，让大家了解每一行代码的含义。课程安排上都是循序渐进，课程的代码和资料都会提供给大家学习研究。如果学习过程中遇到问题，可以随时联系我，我会尽快给你解答。学习完该课程，你将提高自己的Python编程能力、深入理解网络编程，了解http和websocket的原理和使用、学会处理交易行情数据、能够深入了解量化回测是如何进行的，能够开发自己量化策略并进行回测，开发实盘交易并部署到服务器，对数字货币量化交易有进一步深刻的认识。,403,71,399.0,2
1004530011,2020新版21天搞定Python分布爬虫,知了传课,http://edu-image.nosdn.127.net/deaf24ba-2bd5-4266-8c65-a9a615fef61e.jpg?imageView&quality=100&crop=0_0_1080_680,1.本课赠送：领20元优惠券+VIP学员讨论群+1对1解答服务.+下单前.下单前.先加小西qq1492168568领取优惠及了解详情！2.本课程完全从零基础出发，只要你有一点Python基础就可以听懂本课程！课程从基础到高级，让你21天破茧成蝶成为高级爬虫工程师！报名须知1、本课程为爬虫VIP高级课程。一次报名，永久有效永久更新。学习不限次数，不限时间。可根据自身情况进行安排学习进度；2、对于课程优惠问题以及进一步了解课程可添加小西老师咨询。QQ：1492168568；微信：zhiliaoketang008购买课程后凭订单号加群：658219190获取笔记和课件以及答疑服务,748,159,499.0,2
1003590004,python数据分析与机器学习实战,唐宇迪,http://edu-image.nosdn.127.net/9D249F51B22B070F8249434AA2B12174.png?imageView&thumbnail=120x67&quality=100,云课堂数据分析与机器学习销冠课程，超4000名小伙伴加入连续多年荣获云课堂金云奖“最佳课程奖”，人工智能类“唯一”获奖课程，最佳合作伙伴课程同名配套教材《跟着迪哥学Python数据分析与机器学习实战》现已出版，加入课程免费送配套PDF版教材配套教材获取请添加小助手微信:digexiaozhushou（迪哥小助手拼音）课程特色：１、机器学习算法全面覆盖，每个算法均有配套项目实战！２、通俗易懂，用最接地气的方式讲解复杂的算法与代码！３、五年沉底，精选配套案例，打造最适合初学者的实战路线图！４、同名配套教材免费提供，课程持续更新，永久有效！QQ讨论群：627350801（备注购买课程的ID或者订单号）,4924,281,498.0,1
1005265027,Python数据分析从入门到机器学习,日月光华,http://edu-image.nosdn.127.net/4d0f7e19-f156-47d8-b5f8-eb4f981f73cf.png?imageView&quality=100&crop=0_5_1105_601,2020.12.3上传课程PPT到第三节，可在参考资料点击下载。更新提示：2020.5.22新增：模型的评价-查准率、召回率、F1-score及混淆矩阵一节新增一章，电影推荐作业讲解本课程针对Python数据分析最核心的Numpy库、Pandas库、Python数据可视化库Matplotlib以及机器学习库Scikit-learn，进行了系统、深入的讲解。课程结合了日月光华爬取的链家网房产成交数据、知乎用户数据、空难数据集、小费数据集、股票数据、小麦数据集、信息卡欺诈数据集等个性化或有代表性的数据，进行了数据分析、数据预处理以及机器学习建模的演示，特别是最后四章，课程使用日月光华的链家数据做了四个机器学习模型：房产价格趋势预测模型房产估价模型房产价格异常预警模型房产投资前景分类模型用这四个综合实例演示了从数据读取、数据预处理、数据建模、预测分析等整个过程。本课程非常适合从事数据分析、机器学习、深度学习等方向的同学学习。本课程全部数据集可在第26节下载。日月光华课程的特点是通俗易懂，由浅入深，将复杂的知识简洁清晰的传授给同学，我们的课程赢得了同学们一致好评！任何问题，欢迎添加微信：louhh01QQ答疑群：945186207,556,98,498.0,2
1005010013,Python全栈习题辅导班,北京图灵学院,http://edu-image.nosdn.127.net/02d42dd9-356c-40d9-a8f5-3a9baf69efbf.jpg?imageView&quality=100&crop=0_0_1080_607,"本课程是图灵学院免费Python全栈班的收费习题辅导课程，课程已开始第二次迭代，还请小伙伴们在目录列表最下方进行观看哦！还未学习《免费Python全栈系列》，请点击下方链接进行学习并请在购买课程之前,详情咨询Q群：9990977免费Python课程地址：http://study.163.com/course/introduction/1004987028.htm本课程由北京图灵学院提供，北京图灵学院官网：www.TuLingXueYuan.com",2924,137,368.0,2
1004285004,所有小白都能听懂的Python入门课,知了传课,https://edu-image.nosdn.127.net/a3e3443e5dbd4fa18f3768459f1ac0dd.jpg?imageView&quality=100&crop=0_0_439_247,1.购买前必看：先加小西微信zlkt666领取优惠20！领20元优惠券+VIP学员讨论群+1对1解答服务。2.本课程从Python零基础到纯Python项目实战。超100以上课时，内容非常详细，覆盖了Python知识的方方面面，学完后不仅对Python知识有个系统化的了解，更能利用Python做出类似于“密码加密存储管理系统”这种实际项目。让你从Python小白编程大牛！报名须知1、本课程为Python基础VIP课程。一次报名，永久有效永久更新。学习不限次数，不限时间。可根据自身情况进行安排学习进度；2、对于课程优惠问题以及进一步了解课程可添加小西老师咨询。QQ：1492168568；微信：zlkt666购买课程后凭订单号加群：248038763获取笔记和代码以及答疑服务,1951,108,129.0,3
1050010,用Python做深度学习一:数学基础,黑板客,http://edu-image.nosdn.127.net/cdd01d67-ae11-4e11-834c-d52480802c68.png?imageView&quality=100&crop=0_0_439_247,友情提示：ios客户端显示不了特价。最好用浏览器打开购买。学了微积分，线性代数，概率论的理论后，你是否用过？学了<<用Python做些事>>，是不是对Python更加另眼相看，觉得实战的内容还意犹未尽。深度学习是数学理论的实际应用之一，Python实现会更进一步加深理解。AndrewNg的UFLDL经典教程非常适合深度学习的入门。不过它是基于matlab平台实现的。本课程对常用库Matplotlib，Numpy，等进行了使用讲解和形象演示。同时对深度学习需要用到的数学基础概念进行了举例说明。坚持学完后你能够完全自己编写一个垃圾邮件检测器，一个卷积神经网络的程序。课程还会对standford的cs231n课程大作业进行讲解，适合已经掌握Python并对人工智能感兴趣的小伙伴。注：课程代码讲解基于Python2.7版本。大部分代码可在python3.5以上版本运行。属于个人发布，开不了发票。,1509,74,128.0,3
1005986004,Python量化投资AI分析全栈开发,StudyQuant,https://edu-image.nosdn.127.net/e25e51ea2e474345ab86a691f36a9327.png?imageView&quality=100&crop=4_14_895_479,"▼课程概述高级量化分析师，定制的零基础Python入门至进阶及量化投资入门课程。★精心准备的视频课程★大量实战案例讲解▼课程结束后，你可以：1.掌握Python、Pandas基本用法，为量化、数据分析、人工智能打下基础。2.自主编写较复杂的择时、选股策略。3.掌握大部分量化平台及工具的使用▼课程大纲（具体目录为准）Part1Python基础Part2Python基础与金融数据处理Part3Numpy,PandasPart4Python进阶Part5量化平台介绍Part7使用Python本地搭建股票回测平台Part6经典量化策略编写每2周更新2个课程。课程特色通俗易懂的语言，不涉及繁琐的理论推导，操作方法结合软件详细讲解。每小节课程是20分钟左右的视频，下班路上拿着手机也能学习。课程定价一次购买，无限回看。本课程每2周更新。若有疑问，可联系微信（82789754）。",93,63,159.0,3
1004855008,Python量化投资与股票投资实战,StudyQuant,https://edu-image.nosdn.127.net/e92dd7165a8e4fde8d142da5972352b8.png?imageView&quality=100&crop=0_0_900_500,课程概述必读购买前请添加老师微信：82789754领取优惠券并赠送入门课程等福利福利1StudyQuant珍藏量化资料大礼包内含Python书，研报，策略书等资料福利2、微信社群交流学习使用福利3、免费见识社群圈子权限主要用于答疑，分享财经信息，量化教程等课程特色：1.项目化教学。每位同学在课程结束时，都能有自己的策略。2.注重实战，脱离实战应用场景的理论知识意义不大3.课程内容较多，节奏较快。若基础薄弱，需要在课后花较多时间。4.多个A股量化投资策略实证，分享策略、回测、数据可视化、实盘接口等解决方案及代码,35,39,999.0,3
1005630014,Python量化投资与数字货币实战,StudyQuant,https://edu-image.nosdn.127.net/b918702bd5f84c249b51164631c806b5.png?imageView&quality=100&crop=1_0_898_500,"课程概述必读购买前请添加老师微信：82789754领取优惠券等福利福利1、老师一对一答疑服务（有问题咨询老师）福利2、高质量XBTUSD分钟数据一份福利3、微信社群交流学习使用,不定期组织语音直播答疑福利4、知识星球圈子权限答疑，量化教程福利5、附加额外课程更新完成课程作业后，后期可赠送额外的课程，会分享一些前沿的项目，难度会比较高，学员如有兴趣，可以一起深入研究学习。课程特色：1.零基础到实战策略自动化交易。2.注重实战，脱离实战应用场景的理论知识意义不大3.一整套数字货币量化投资自动交易系统解决方案特别提醒1.课程重点是，授人以“渔”而并非授人以“鱼”，也就是说希望通过我的讲授和训练，让大家获得量化投资回测及实盘技术。2.请合理管理预期，预期过高者，不建议报名。",96,114,1888.0,3
2403026004,程序设计入门—Python,哈尔滨工业大学,,,,,0,3
2403008003,《Python 应用基础》微专业体验课,网易云课堂IT互联网,,,,,0,3
2402971012,Python定量城市研究实战_体验课,城市数据团,,,,,0,4
2001558002,城市空间研究专题（Python）,城市数据团,,,,,1499.0,4
1210870804,3天零基础轻松入门Python（2期）,网易云课堂IT互联网,https://edu-image.nosdn.127.net/f129a888649e407fa17ba5b092c4085a.jpg?imageView&quality=100&crop=0_0_448_249,别忘了添加助教小姐姐进交流群和领取Python资料包：weizhuanye112,578,1,0.0,5
1210834829,3天零基础轻松入门Python,网易云课堂IT互联网,https://edu-image.nosdn.127.net/d8b03ac332214184b2abf9266f3ea4a5.jpg?imageView&quality=100&crop=0_0_450_249,别忘了添加助教小姐姐进交流群和领取Python资料包：weizhuanye112,719,1,0.0,5
1210801841,Python量化基金/股票零基础入门,锐亚教育,https://edu-image.nosdn.127.net/ab2b28dca6754ea8ba07c99b79b8be95.jpg?imageView&quality=100&crop=0_0_746_419,为什么自己做股票/基金总是赔钱?没有金融常识?没有金融数据?没有分析能力?没有预测模型?没有量化工具?参加我们的python量化股票/基金投资理财训练营你将拥有这一切!课程目的：了解金融常识；熟悉金融交易规则；学会利用数据分析未来趋势；掌握python量化工具的使用；课程赠送十几本理财电子书，还有众多基金数据分析工具。咨询本课程加入锐亚售前咨询QQ群：343866157成功报名的同学请加入锐亚python量化投资学习群qq群：249024063（入群请备注课程订单号）群内有课程配套资料！,1509,126,1680.0,2
1210663802,有意思的Python零基础入门教程,乐学偶得,https://edu-image.nosdn.127.net/932b41caf59c444088510161f15dfbe5.jpg?imageView&quality=100&crop=0_8_900_491,乐学偶得创新编程学习前500名KickStarter阶段可享受99元购课，并可免费开通后续上线的价值999元的所有副本任务与资料片内容。0.资料片《我，赛博格IamWilliam，IamaCyborg》1.《荣升之路Upgrading》（爬虫与自动化方向副本任务）2.《深邃之眼Watchdog》（人工智能与数据分析方向副本任务）3.《大变革Revolution》（全栈工程师与网络安全方向副本任务）4.《致命游戏ShowHand》(小游戏开发方向副本任务)正在连载ing~乐学偶得独家推出《Pythoner的奇幻冒险》系列科幻剧情教育产品。将独家的先进技术、引人入胜的制作与扣人心弦的互动剧情相结合。跟着我们一起，像看电影一样学习Python吧～《Pythoner的奇幻冒险》第一季正在更新ing，目前已经更新大纲如下：如下：1.《序章》2.《命令行模式与交互模式》3.《附加知识模块》4.《重要打印函数》5.《用输入函数交互》6.《变量与数据类型》7.《重要数据类型-list》8.《重要数据类型-tuple》9.《重要数据类型-dict》10.《重要数据类型-set》11.《复杂条件判断程序》12.《批量执行任务必备-循环》13.《可以自由的创造了-函数》欢迎各位小伙伴加入哦～,269,57,99.0,2
1210393211,13小时掌握python爬虫必杀技,锐亚教育,https://edu-image.nosdn.127.net/170af39f8dfb43438f577d19df78f160.jpg?imageView&quality=100&crop=0_0_746_418,在本套课程中您还将学习到以下内容：1、爬虫常用的Python类库：request、re、pymysql、peewee、beautifulsoup、lxml、urllib、pickle、json、threading、concurrent.futures、selenium、smtplib、fake_useragent等。2、通过实战，边学边练Python多线程技术，整体搞定单线程、多线程和线程池的处理3、实战模拟登录，解决登陆时的验证码。4、应对网站的反爬虫机制。5、加倍开发速度的Scrapy框架6、真正把数据用起来：爬取的新闻自动放入Kindle，解决你每天用电脑和手机看新闻看瞎了钛合金双眼的问题。7、在微信里实时接收爬虫程序发出的消息，您可以用它第一时间知道感兴趣的新闻，第一时间了解朋友的动态。就只需要这一套总时长在20小时以内的课程，您就可以将爬虫技术应用在实际生活中了，并且您学到的绝不只是爬虫的初级入门知识！课程所需软件（安装文件都有提供）：Python3.8.2MySQL5PyCharmSQLYog（或其它可以控制MySQL数据库的客户端程序）咨询本课程加入锐亚售前咨询QQ群：343866157成功报名本课程的同学请加入锐亚Python爬虫学习群：433202311（备注课程订单号）微信搜索：“锐亚教育”公众号，关注公众号，领取课程优惠卷。,966,121,199.0,2
1210060882,零基础_第一行Python代码,乐上轻至,https://edu-image.nosdn.127.net/f99403b9c6e1414cac5d59736c59c474.jpg?imageView&quality=100&crop=0_2_2200_1234,Python人工智能零基础入门，学习完此季课程可以实现零基础编写一个属于自己的迷你爬虫，爬取互联网各大站点的图片和有价值的数据。为后续的数据分析、机器学习、人工智能打下坚实基础!,3051,28,0.0,2
1209669815,Python基础AI数据分析少儿编程,领跑编程学院,https://edu-image.nosdn.127.net/19b1490747dc40c9aaf041eb6ab03def.jpg?imageView&quality=100&crop=0_0_1080_609,"20优惠券+10万字笔记发票领取+素材网站1年VIP+一对一答疑下单前！下单前！先咨询微信447565846课程目标帮助学员快速掌握Python入门到进阶内容：1.八大数据类型2.语句函数3.迭代循环4.面向对象适用人群：无任何编程基础学员；其它开发语言经验转学python学员；想全面了解python知识点学员课程亮点一图胜千言，让文科生都能看得懂的python教程！！！另外加详细的笔记作为辅助工具,500多条笔记帮助学员快速掌握Python500多个知识点。1.图解Python：用80多张原创图表表述所有知识点，让学员轻松学习，快速掌握知识要2.笔记Python：用500条笔记串连所有知识点，让学员从一点一滴积累，学习过程无压力3.笔记标题采用关键字标识法，帮助学员更加容易记住知识点4.笔记以超链接形式让知识点关联起来，形式知识体系5.采用先概念后实例再应用方式，知识点深入浅出6.提供授课内容笔记作为课后复习以及工作备查工具",420,180,199.0,3
1209579842,Java高薪之路系列之(2)Java Web,乐学偶得,https://edu-image.nosdn.127.net/95826095a49f473da78b15d7e970bdb4.PNG?imageView&quality=100&crop=0_0_900_499,本课程为乐学偶得原创出品--该课程永久有效--欢迎大家加入哦~O(∩_∩)O~本课程为《Java高薪之路》系列课程的JavaWeb方向，让您着手开始JavaWeb核心开发，共44节课，已经完全更新完毕。本课程已完结，走在技术前沿，用实力说话本课程涉及1.Web服务入门2.JavaWeb环境搭建3.Tomcat4.Eclipse+Tomcat5.Servlet6.JSP7.Debug方法与答疑8.部署描述xml9.JSP与Servlet本质10.本地部署JavaWeb项目11.云计算平台Java与安卓1000+系列课程正新课优惠，100元优惠券在下方点击领取更多好课Python，C#，游戏开发，全栈开发，金融量化欢迎点击下方网易云课堂乐学偶得网校~(^▽^)~,445,122,199.0,2
1209519806,Excel+VBA+JavaScript自动办公,乐学偶得,https://edu-image.nosdn.127.net/567ec691fd5d4a12a6526c6e1f0063a3.png?imageView&quality=100&crop=0_0_900_499,VBA技术能够让您将我们办公学习场合非常熟悉的Excel玩出新花样。通过本课程的学习，能够极大地提升您的办公效率，让您职场得意~本课程包括以下内容：1.VBA入门2.JavaScript入门3.VBA+Excel混合开发自动办公4.Javascript+Excel混合开发自动办公欢迎各位小伙伴加入哦~,1451,180,150.0,3
1209570801,Java高薪之路系列之(1)入门篇,乐学偶得,https://edu-image.nosdn.127.net/58455a8f5d5b4ce9b389978d3eed6d9b.PNG?imageView&quality=100&crop=0_0_902_499,本课荣获：网易云课堂2019IT类目年度好课2019细分领域最值得推荐的好课各类原创课程笔记、干货、免费福利，公众号：乐学Fintech本课程为《Java高薪之路》的Java零基础入门部分，让您快速上手Java编程，为Java网站开发，安卓程序设计与开发打下基础。本课程已完结，走在技术前沿，用实力说话本课程涉及1.Java安装配置2.Java基础语法3.Java数据类型4.Java中的常量与变量5.Java中的控制流与函数6.Java中的循环Java与安卓1000+系列课程正新课优惠，100元优惠券在下方点击领取更多好课Python，C#，游戏开发，全栈开发，金融量化欢迎点击下方网易云课堂乐学偶得网校~(^▽^)~,29678,242,199.0,3
1209527803,C#(Unity游戏安卓苹果开发基础),乐学偶得,https://edu-image.nosdn.127.net/fcccfdd4a5ea4eafa074909b6993a8d0.png?imageView&quality=100&crop=0_0_900_499,本课程通过介绍C#零基础入门与进阶概念，让大家逐步掌握C#的编程能力，在这个基础之上，你可以把你设想的编程Idea好点子通过C#变为现实，为了梦想成真，让我们一起加油吧~,1509,38,199.0,3
1209505873,Android安卓Java+Kotlin+C#Unity,乐学偶得,https://edu-image.nosdn.127.net/05aa90efdb0e4b7ca57e630d3ee6eaa7.png?imageView&quality=100&crop=1_0_878_489,真正网易云课堂认证安卓零基础入门到实战开发精品课程课程内容为乐学偶得独家教研，拥有完全的知识产权与著作权内容更新主要部分使用最新的Android10+AndroidX+SDK29+Java11LTS品质精良课程由乐学偶得多位十余年海外软件研发经验的教研，将最先进的技术与接地气的讲解结合，助大家轻松从零基础入门安卓，并开发出属于自己的APP更多独家课程不仅有Java，更有:1.Google官方力荐的更便捷，强大的Kotlin与Kotlin+Java混合开发技术(Google的口号KolinisthebetterJava)2.微软官方力荐的C#，Xamarin与Unity等跨平台App与游戏开发技术在安卓系统的实战跨平台开发与混合开发为欧美外企大量缺口的技术栈课程正在连载更新中，以优惠价格发售，早买早优惠哦~,1031,165,166.0,2
1209427907,Python电商数据分析师零基础入门,锐亚数据学院,https://edu-image.nosdn.127.net/501c31b9101d4d4fa462e9ac0a64e12e.jpg?imageView&quality=100&crop=0_0_879_495,python电商数据分析入门最佳教程,420,11,99.0,3
1209432899,Python量化交易投资之一技术分析,乐学偶得,https://edu-image.nosdn.127.net/1a661a2b57404806bc23e6e3f9d75ebb.png?imageView&quality=100&crop=0_4_899_495,"本课程为乐学偶得推出的250+Python量化交易连载课程，正在连载更新中~课程特色1.零基础入门,讲解细致,是无需编程与金融基础的朋友轻松入门的系统学习材料2.理论与实战齐头并进,介绍大量国内外主流量化策略的实施与前沿用法,并介绍国内外多个主流量化与研究平台与接口，不仅能学到，更能用到3.内容夯实，理性，客观，有深度，以数据说话课程大纲如下：1.技术分析简介（包括TA-Lib介绍，Python中的pandas，numpy等对时间序列的运用）2.常见技术分析指标介绍（包括MACD,KDJ,BOLL,DMI,RSI,ROC,OBV,BIAS,PSY,ARBR,DMI,ADX等常见指标的代码构建与分析）3依赖技术指标的常见策略介绍（包括波浪理论，乖离率等买卖点编程自动判断与回测实施）",800,153,299.0,2
1209415807,Python电商数据分析师实战课程,锐亚数据学院,https://edu-image.nosdn.127.net/6d91dfb384df4ce089d92e5101db80e4.jpg?imageView&quality=100&crop=0_0_879_495,《2019全新电商数据分析实战教程》分为python基础、店铺常识以及数据分析三部分，以其代表性企业淘宝为例，并综合对比了“猫拼狗”（淘宝天猫、拼多多、京东）三家企业的优劣，从多个维度进行了分析。✔︎第一部分：python基础知识。python这门编程语言非常接近自然语言，哪怕是从来都没有学习过编程的人，也能够在短时间内入门，而入门便可以学会课程中的内容了，也就足够我们去进行分析了。✔︎第二部分：店铺的基本常识和注意事项。课程着重对细节部分进行了阐述，使得电商新手也能轻松学会。该部分包含了店铺定位、店铺推广、店铺竞争力、商品优势，以及目标客户、购物心理等，从多方位进行了分析，帮助大家在这三个核心要素（店铺、商品、客户）上建立起一套自己的方法论。✔︎第三部分：数据分析是要通过图形来直观展示的。我们使用可视化工具库对用户数据进行图形化展示。通过用户的购买次数和购买金额，我们可以得知该用户的活跃度和潜力值；通过对用户交易时间的分析，可以得出什么时间点的交易量最大。依据这些我们就可以对用户进行划分，达到我们精准营销的目的，让自己的钱都花在刀刃上。✔︎锐亚数据分析官方学习群：546567603,440,103,588.0,2
1209405919,一次搞定Java入门-高薪全栈+安卓,乐学偶得,https://edu-image.nosdn.127.net/345d0575a8564d67ba272656ab6822c9.png?imageView&quality=100&crop=0_0_900_499,"本课荣获：网易云课堂2019IT类目年度好课2019细分领域最值得推荐的好课课程由国际教研联合开发，乐学偶得拥有完全的知识产权与著作权全新录制,采用2020企业主流实战技术栈与相应工具(IntelliJIDEA/Maven/SSM/SSM/SpringBoot/Java11)+真实企业项目逐行现场构建，逐行细致讲解1.零基础(流程控制,异常处理,面向对象,IO流,多线程反射,XML等)2.JavaWeb(HTML5,CSS3,JavaScript,MySQL,JDBC连接池,Servlet,JSP,AJAX,jQuery,Bootstrap等)3.主流框架实战（SSH(Struts,Spring,Hibernate)SSM(SpringMVC,Spring,MyBatis),SpringBoot,SpringCloud等)4.实战项目乐学偶得商城+乐学偶得题库App课程特色与时俱进课程全部为19-20年最新高清录制,采用与时俱进的先进技术，拒绝N年前的老视频与过时技术经验丰富教研团队均有十年以上行业经验,并聘请世界500强Java招聘考官把关，拒绝半路出家与素质低下讲师配套完善原创配套笔记+练习+真实项目逐行讲解,在日常复习同时,就能直接准备笔面试,并储备项目经验,踏上高薪之路真实项目手把手教现场构建商城，App等真实项目，逐行打代码，逐行细致讲解",2876,830,249.0,2
1209406877,Kali Linux白帽黑客渗透测试运维,乐学偶得,https://edu-image.nosdn.127.net/b4905d181cd64f8ba9855788b89f2990.jpg?imageView&quality=100&crop=0_0_1280_720,本课程通过介绍KaliLinux，详细介绍了网络渗透测试的入门操作，课程特色在于较为详细，从零基础的KaliLinux安装开始讲起，逐步操作与演示。课程分为以下几个部分：1.网络运用渗透测试简介2.KaliLinux的安装，实验环境配置与在网络应用渗透测试的运用（包括Kali_Linux配置，CMS扫描与识别，网络应用代理，网络应用爬虫与暴力破解目录等）3.网络服务端侦查与建档4.网络应用的鉴定与漏洞扫描5.注入式攻击侦查6.XSS漏洞修补鉴证7.AJAX/HTML5与客户端进攻与防护8.自动化扫描,533,65,299.0,3
1209407811,零基础入门计算机视觉Python,乐学偶得,https://edu-image.nosdn.127.net/e04606de7de44cdd959562a8d794e002.jpg?imageView&quality=100&crop=0_0_1280_720,"车牌识别，人脸认证，医疗诊断，自动驾驶......论AI真正大量落地的运用领域，非计算机视觉莫属。前谷歌的CEO施密特曾说过:“如果有人给你在火箭上提供了一个位置，那么，别管位置好坏，先上去再说”。我们如何抓住人工智能浪潮中这一技术机会呢？如何快速入门了解计算机视觉与上手其运用呢？本课程为连载课程，共计500节课左右，正在连载更新中~课程特色在于Python使用常见的计算机视觉相关库，并通过相关功能的实现了解计算机视觉常见的算法与原理，在帮助大家打好Python与算法基础的同时，采用真实图像与视频项目进行实操分析与运用，大纲如下：1.图像处理（包括相关库安装与基本图像处理操作）预计50节课左右2.过滤处理与特征提取（包括图像过滤，高斯模糊，边缘检测等）预计50节课左右3.高级图像特征检测（oFAST检测,rBRIEF方法）预计100节课左右4.图像分割（轮廓检测,分水岭算法）预计100节课左右5.机器学习与神经网络的运用（逻辑回归，支持向量机，K近邻，MNIST分类等）预计100节课左右6.计算机视觉进阶（OpenCV,HaarCascade,SIFT,KCF,LK追踪）预计100节课左右",2779,196,159.0,2
1209404813,Python股票量化投资策略与交易,乐学偶得,https://edu-image.nosdn.127.net/40224a31ae974e728e7261137ca1db6d.png?imageView&quality=100&crop=0_0_899_499,"本课程为乐学偶得推出的800+Python量化交易连载课程，正在连载更新中~课程特色1.零基础入门,现场逐行打代码逐行细致讲解,是无需编程与金融基础的朋友轻松入门的系统学习材料2.理论与实战齐头并进,介绍大量国内外主流量化策略的实施与前沿用法,并介绍国内外多个主流量化与研究平台与接口，不仅能学到，更能用到3.内容夯实，理性，客观，有深度，以数据说话课程大纲如下：0.新课超值赠送100+节Fintech初探与基本面分析课程已经更新完毕1.Python快速入门与专业金融投资方面的使用预计100节课左右2.金融时间序列分析与相关库的使用预计100节课左右3.量化平台介绍预计100节课左右4.投研数据介绍预计100节课左右5.常见策略介绍与代码实现预计100节课左右6交易与投研之禅预计100节课左右7前沿理论更新与未来展望预计100节课左右",1893,296,599.0,2
1209389836,Python编程进阶算法数据结构面试,乐学偶得,https://edu-image.nosdn.127.net/f634adcba8444bc181db6618658985d0.png?imageView&quality=100&crop=0_1_900_498,"我们总听到：“科班与非科班的差距”，“程序员35岁裁员危机”，“为什么不招收培训班出身的程序员”等等言论。学好编程，真的像传说中的那么难吗？其实真的不难，只是没有“捷径”可走，需要下苦功夫而已。我们深知：忽悠式速成走的捷径，最终，会在生命中的某一个时刻反噬过来，可能是35岁的一次裁员潮，可能是一次重要的项目因为基础问题而犯下大错，可能是与一次升职的机会失之交臂学好编程，需要大量的练习与扎实的算法，数据结构基础与程序设计思想的养成。本课程为乐学偶得推出连载课程，特色在于专注系统的介绍Python进阶与高阶内容与配套大量乐学偶得独家教研的原创练习与讲解，力争弥补“非科班出身”与“科班”系统训练的差距，让您学的更深。正在连载更新中~1.Python进阶之路:包括PythonOOP面向对象编程,静态与动态类型,错误处理等进阶概念讲解2.大量原创基础巩固配套练习题与配套视频讲解:包括sys,格式输出,逻辑判断,限定输入等3.重难点概念辨析:包括比特级运算,循环引用,面向对象探讨,空值探讨,资源分配与释放,多线程与多进程等4.数据结构与算法:包括概念讲解与大厂经典算法笔面试题讲解等",2830,339,159.0,2
1209370851,Python啥都行（行业应用连载）,乐上轻至,https://edu-image.nosdn.127.net/9d87d3d1eacf4b63bf92fbf5ac5679d9.jpg?imageView&quality=100&crop=0_0_2200_1238,"课程主要分为4部分,课程讲解案例全部来自企业内训真实需求：第1章：cutecharts手绘风格图表第2章：Python数据库操作第3章：Selenium自动登录B站第4章：Robot自动测试框架",1175,22,9.0,3
1209344833,SQL数据库入门(Java安卓基础),乐学偶得,https://edu-image.nosdn.127.net/7108b35180874538852ac97f41571a7e.png?imageView&quality=100&crop=0_4_899_492,乐学偶得推出《SQL数据库零基础入门》系列连载课程，内容满满，通过实例让您快速、高效掌握SQL的基础操作包括：SQL入门（包括基础语法，表的概念介绍，创建与删除，常见数据类型与约束等）查询入门（包括select，where，算数，比较运算与逻辑运算等）聚合与排序（包括聚合查询，对表分组，聚合结果指定条件与排序）数据更新（insert插入，delete删除，update更新，事务的创建和执行）复杂查询（视图，子查询，关联子查询）函数，谓词，case表达式（算数函数，字符串函数，日期函数，转换函数）表的运算（并，交，加集），表的连接（内，外，交叉连接）,1184,57,88.0,2
1209331955,零基础Python玩Fintech金融量化,乐学偶得,https://edu-image.nosdn.127.net/43f073497d45419e80d76ffba45275a1.png?imageView&quality=100&crop=0_0_900_500,"下拉↓2000+更多入门+全栈+金融量化+爬虫+自动办公系列好课(合辑限时立减654，课程可单独购买)Python你在学，别人也在学，最终Python你会，别人也会如何脱颖而出不可替代？唯有脚踏实地,左手专业知识,右手前沿科技做复合型人才打造属于你不可替代的竞争力你准备好了吗？课程由乐学偶得国际团队精心自主教研,将传统高薪金融Finance与现代编程前沿科技Technology结合,涉及经济分析,金融建模,投行分析量化方法等应用领域,是国内稀缺教程帮大家建立起系统的金融知识体系熟悉编程手段在金融领域的运用本课程共计825节课左右,连载更新中,会逐步涨价,早加入早优惠哦~大纲如下0.附赠Fintech系列课程《Fintech入门》部分1.Python经济学2.Python量化方法(统计学,决策树)3.Python组合管理(无套利,多因素模型)4.Python股票估值(CAPM,WACC,DDM)5.Python项目投研(地产,PE,VC,商品)6.Python财务(资本结构与配置,报表质量,现金流)7.Python投行项目投研(资本预算决定,分红与回购,M&A)8.Python固定收益类资产估值(YTM,CIR/V/H&L,二叉树构建)9.Python衍生品估值(期货,期权,二叉树,BSM模型)",3090,442,159.0,2
1209346808,Python入门数据科学机器学习算法,乐学偶得,https://edu-image.nosdn.127.net/f472437165934f7e8f1224be8bc6a29f.png?imageView&quality=100&crop=1_0_876_480,"人工智能浪潮袭来，我们非常容易在强大别人封装好的机器学习相关库和分析工具的掩盖下，陷入只花几小时速成AI工程师，只需几天摇身一变数据科学家的幻觉我们深知：忽悠式速成走的捷径，最终，会在生命中的某一个时刻反噬过来，可能是35岁的一次裁员潮，可能是一次重要的项目因为基础问题而犯下大错，可能是与一次升职的机会失之交臂“拿数据，跑数据，调调参”，“炼丹”看结果你能做，别人，也能做归根到底，一个人的核心竞争力还是在于对原理与业务的深刻理解本课程共计500节课左右,正在连载更新中~课程独家原创用PurePython实现所有常用数据科学与机器学习算法，在帮助大家打好Python与算法基础的同时，采用Kaggle等真实数据进行实操分析与运用，大纲如下：1.数据准备（包括数据读取,特征缩放,基准模型）预计100节课左右2.线性模型（包括简单线性回归,多元线性回归,逻辑回归,感知器）预计100节课左右3.非线性模型（分类与回归树,朴素贝叶斯,K近邻,反向传播）预计150节课左右4.集成算法（自主聚合法,随机森林,层叠泛化）预计150节课左右打好基础，掌握原理，打造你不可替代的竞争力欢迎加入~",2895,494,159.0,2
1209345808,Python全栈Flask/Django/小程序,乐学偶得,https://edu-image.nosdn.127.net/361a1e251af74a93b1a01fffb5b10104.png?imageView&quality=100&crop=0_0_900_500,互联网更新迭代速度极快，市场上需要大量能快速开发，“一人顶仨”的全栈人才那么如何一人搭建起可用的网站和应用呢？如何从“套框架”的萌新到深度理解全栈原理的工程师呢？最好的方法就是动手做一遍本课程以实战案例为主，通过巧妙的设计，将各类全栈架构必备知识点的按照难度循序渐进进行讲解并贯穿到各类真实项目的搭建过程中，让大家在学习的过程中直接上手商业化项目：1.通过纯Python搭建与基础概念讲解让大家对互联网应用有基础的认识2.通过Flask迷你框架的实战介绍让大家了解框架的各类组件，并DIY架设并上线网站应用3.通过Django重型框架的的实战介绍让大家了解商业化网站的架设逻辑与方法，并上线网站应用4.前端BootStrap、SemanticUI等框架与前后端分离在商业化项目中的应用等课程会一边介绍基础知识，一边将基础知识运用到网站建设中，包括Flask/Django的商业网站搭建与微信小程序后台的编写实战，欢迎大家加入哦~,2931,783,159.0,2
1209337904,Python必刷面试题&面试技巧,乐上轻至,https://edu-image.nosdn.127.net/64b614428097463fa8cc9bfdda76306f.jpg?imageView&quality=100&crop=0_0_2200_1238,"课程主要分为5个章节,课程讲解案例全部来自企业内训真实需求第1章：核心语法面试题第2章：数据分析与可视化面试题第3章：机器学习面试题第4章：简答题汇总第5章：非技术性面试注意事项",1928,22,9.0,3
1006464019,实用Excel操作与VBA财务金融建模,乐学偶得,https://edu-image.nosdn.127.net/c586314f832547eca9afe82d1b030a45.png?imageView&quality=100&crop=0_0_900_499,"本课程为连载课程。无论是零基础的小白还是金融从业者，本课程都是您学习金融建模，财务建模,VBA定制函数编写，程序编写的不错的选择，帮助您真正地学懂，让您马上就能把新学的技能在职场中秀出来，让面试官、领导眼前一亮！更加高级的金融建模与运用数据科学，机器学习等前沿方法，进行宏观经济分析，特定行业投研，公司财务分析与量化策略实施，欢迎点击下图，继续学习《零基础Python入门编程全栈量化AI》系列。或者关注公众号：乐学Fintech会有课程内容，代码与前沿知识更新。",2182,326,179.0,2
